x,y
-1.9172629117965696,-5.409572124481201
-0.4172776643708411,-5.4058429674854125
1.0827031819417616,-5.398300373121672
2.582671646671175,-5.38858687889509
4.082629791459257,-5.377388451644603
5.582574350964132,-5.36450573262107
7.082501458107207,-5.349729030639944
8.582410611551525,-5.333228630469811
10.080530761591842,-5.353653852633842
11.578506337658762,-5.422091365368399
13.07847453121761,-5.431414942300474
14.578462451429496,-5.437383979309846
16.078458637811735,-5.440672014573896
17.576330426299247,-5.396673767753279
18.88291721594747,-4.699805527396409
19.315858416698205,-3.3384692617907774
19.31604131254401,-1.8384695686405694
19.312984413013094,-0.3384729723617255
19.2770204102522,1.1599036636427809
19.29407845086135,2.6598063678290425
19.11105954704451,4.137434632177402
18.182417366090135,5.2537945673198685
16.706603452251656,5.43476183961886
15.20783428311283,5.405461993724928
13.719348796132007,5.266856597834075
12.527587490457583,4.418912731416782
12.25225473278917,2.9718805700692883
12.266369822455335,1.472735667855825
11.18713647284507,0.5691819990360171
9.695401663406203,0.5777731126022593
8.198962039944616,0.4985586980972658
6.804245600846556,0.010865857233862668
6.1845415388749885,-1.2781184946903072
6.166351571353044,-2.7758402841028555
5.808850667857343,-4.194037811816218
4.361280604351607,-4.447610769289325
2.864414112046358,-4.41396535804859
1.5285075884186747,-3.8434107737049654
1.2521209776965023,-2.403934048356567
1.1864957796353075,-0.9116940919434976
1.2249364905132227,0.5878120034522107
1.1999446542180694,2.086828884034962
1.2011431144593891,3.581937415785015
2.3665664397981327,4.370382579679436
3.865613434622177,4.332706767587675
5.36103762608571,4.4018907505725
