x,y,orientation_z,orientation_w
0.6320805284801098,-2.011178554591185,0.9999919497225288,0.0040125416054327
-0.066286725063759,-2.0550061622357445,-0.9995807663000408,0.0289532665345977
-0.763297680405882,-2.1190693706022263,-0.9994519888796896,0.0331016906582228
-1.4609337203012391,-2.173360069007009,-0.9994213435901984,0.0340143789648197
-2.160292249722846,-2.194589539805853,0.997704083752204,0.0677241556918574
-2.8342225460512305,-2.014549158372836,0.994887414339446,0.1009902608619828
-3.5278660679064644,-1.9420106089448055,0.9988284052920317,0.0483923215167146
-4.220060450677407,-1.8788813496856445,0.998663866893512,0.0516766965013978
-4.894700152083783,-1.704570954334349,0.999744751864026,0.0225927227296073
-5.577986376042847,-1.5807136275134248,0.997138548743091,0.0755957314305659
-6.241941374225465,-1.3737694643573473,0.99168794273782,0.1286663290392242
-6.914897668424719,-1.1838722878238668,0.9923320902298856,0.1236002536404609
-7.610476857279225,-1.113180589332131,0.9935334333620548,0.1135399347886343
-8.289840630190456,-0.9534586474428263,0.99401385740074,0.1092540676373257
-8.952636861295593,-0.7384691286162934,0.993809762417177,0.1110952569838789
-9.51178171319451,-0.34801615233527394,0.992231692417762,0.1244036517220612
-10.130056030815018,-0.35004136953212306,0.9931060848133272,0.1172190441299734
-10.759022892227772,-0.06071875372113307,0.9918643367966532,0.1272994005914224
-11.425171333205704,0.14158857533821045,0.9919989955060448,0.1262457639487286
-12.098917076530197,0.31665301269945173,0.9907306680613712,0.1358408751542371
-12.776112044529002,0.3608628557354005,0.9923150793776354,0.1237367497542952
-13.348120434366944,0.5913269286889622,0.9919133633140682,0.1269168218912425
-13.918585822797274,0.8656367353346903,0.990806828831528,0.1352842486796276
-14.54974198941511,1.1608746960200191,0.9894689253180932,0.144745451845154
-15.187483561834677,1.43567091196151,0.989030288765369,0.147712856260688
-15.837390958199274,1.658428657220832,0.9891012234366152,0.1472371209858124
-16.428227530527344,1.9184139633960846,0.9919948134958864,0.1262786205074375
-16.845110650704346,1.7197433164219094,0.9874782756863676,0.1577550476133112
-17.081057131590306,2.1009597317039295,0.9879404967356384,0.1548340237471722
-17.649790041558667,2.398475778501975,0.9979047974349174,0.064699422380547
-18.18182570097241,1.9470147525934176,0.998777262704044,0.0494366210962775
-18.63602135722038,2.0582486014562926,-0.9793881571178644,0.2019872216187772
-18.93829361175288,1.9271017095075371,-0.9777527318555111,0.2097608050830395
-19.39341402078063,1.8899379597606951,-0.8852524637032401,0.4651108206732494
-19.647975288072328,1.3593010824287883,-0.7372216198688393,0.6756510069540077
-19.728386982704286,0.6641828145360364,-0.6245608186094849,0.7809761736812783
-19.541829434358313,0.1518579145223002,-0.5996914755637938,0.8002313003976537
-19.444448782762812,-0.20409411382389836,-0.6496404749211436,0.7602415756483138
-19.507105844688656,-0.6206335130253836,-0.5905782787018543,0.8069803570878011
-19.545689213442643,-1.319569363912712,-0.5905782787018543,0.8069803570878011
-19.50117132599436,-1.8611717635565634,-0.5938569577564021,0.80457063936258
-19.43632483268278,-1.8764382442253957,-0.629990805227976,0.7766025916311421
-19.31070155556858,-1.4693141090252593,-0.5936971418991986,0.8046885755997303
-19.380233489112168,-2.165852198592291,-0.5936971418991986,0.8046885755997303
-19.429307933662542,-2.6213656551670654,-0.6374746488030923,0.7704713311560489
-19.380450559811713,-1.9230727674613406,-0.6374746488030923,0.7704713311560489
-19.34406711797562,-2.028465114613904,-0.5917197747515349,0.8061437267435583
-19.31690434952567,-2.727937904656615,-0.5917197747515349,0.8061437267435583
-19.161076232907057,-3.3844928062910418,-0.5863166961719647,0.8100819290602599
-19.206286137776992,-3.3126977895609198,-0.604806371668211,0.7963725590385029
-18.954698574961323,-3.958914727395118,-0.5960302778027026,0.8029619592125353
-18.94152360088831,-4.653142632486104,-0.602002280882746,0.7984943668003998
-18.79824574423176,-4.39082848165363,-0.5049474503308985,0.8631500868356121
-18.65346261689397,-5.029400682817351,-0.5454172193837673,0.838164695510184
-18.552459948494384,-4.904641169685287,-0.5672874321008176,0.8235198658080206
-18.454460694380085,-5.163625050536332,-0.5873903405730279,0.8093037673219509
-18.35928689416515,-5.320925031451142,-0.5008080845562137,0.8655583529971485
-18.184657661188908,-5.702971654313085,-0.5096564377595706,0.8603780073027348
-18.029155406206858,-6.375602889015857,-0.470999823653276,0.8821333040525015
-17.57106700417489,-6.780685727675881,-0.1325325314142414,0.9911786560035144
-17.01511181312615,-6.580374534362948,0.1413245144165562,0.9899633233736108
-16.361874347612375,-6.5092259284286325,0.2961331001326951,0.9551466835024864
-16.25803800282209,-6.157337642779646,0.450450746235771,0.8928012798017468
-15.851404133296606,-5.797937452170941,0.5408835737365544,0.841097473341808
-15.574240640129528,-5.177903304441458,0.5695193531572419,0.8219779232919561
-15.854287136864416,-4.6557258920792455,0.5440614561849151,0.8390453693894924
-15.631850911187485,-3.9973640528868084,0.5261866271952372,0.8503691159495977
-15.578477802423834,-3.3579627173066924,0.4845477721762572,0.8747648006630273
-15.33492100877329,-3.190448554421646,0.4818488788685562,0.8762543340452676
-15.011528313693665,-2.664894292507749,0.5064748639750272,0.8622547257982862
-14.76302997361558,-2.183170063460595,0.5342060923358612,0.8453542753847344
-14.37943199279127,-1.7401572631698266,0.7628122896389267,0.6466199894650785
-14.866984062627974,-1.925064319148229,0.8594245189369578,0.5112626489877572
-14.744238549056144,-1.2945380243176934,0.9202912529769156,0.3912339577467409
-15.075077520172597,-1.5951624625823835,0.9690642765320572,0.2468084843545705
-15.312224489921654,-1.5871375427895327,0.970245989299232,0.2421212924316134
-15.482845367306387,-1.203373441616628,0.9909419938470788,0.1342905984437324
-16.04546906760156,-1.282778144263676,-0.998761447264332,0.0497551148974375
-16.685173747569884,-1.4538388224513306,-0.994484273471156,0.104885794169406
-17.242643406994755,-1.503112341846445,-0.9964903024889562,0.0837082854051411
-17.786741457430544,-1.5406057770567991,-0.9932098473685288,0.1163365767511809
-18.170227343919315,-1.2953774998861318,-0.9956261562838808,0.0934267462956155
-18.71053170131648,-1.3953113081329278,0.9970267109897012,0.0770567165992631
-19.176131457376258,-1.2411894721974328,0.9287530277444614,0.3706990874759415
-19.446964322310656,-0.9078374827513473,0.7055922089947011,0.7086181161993941
-19.226016809499136,-0.2552599058749055,0.5706154157325471,0.8212174178184315
-19.0936869776539,0.28968942166587214,0.5711990430982258,0.8208115820111649
-18.78567466554095,0.9024334457841797,0.5350556790066113,0.8448167969227257
-18.69288687881324,1.2986418709636958,0.5888566988398745,0.8082374578249918
-19.07359040167348,1.416223997110665,0.5833348095670373,0.8122318018567042
-18.878662309606483,2.0766992394373847,0.5696128902539087,0.8219131068772346
-18.709768613986014,2.722379168311912,0.7841872580068568,0.6205242496306549
-18.638779855035764,3.360073196325474,0.8701551643180314,0.4927778302751248
-18.888676348480235,3.469572614266371,0.9328774095314928,0.3601940293589157
-19.040199921351913,3.749522182685393,0.9443254379651052,0.329012867851718
-19.09688119334917,4.093754430844758,0.994076498531204,0.1086826346199848
-19.43748735144681,3.8608858242341935,0.999194753307841,0.0401228733029269
-19.81280680277034,4.2182532235508905,0.9997223162945396,0.0235645985045484
-20.282900527373503,4.200268231645356,-0.9924065489126124,0.1230009824162343
-20.602162553416786,4.162271234711149,-0.9959860949175492,0.089508093102751
-20.08599525849495,4.635104528434291,-0.9959860949175492,0.089508093102751
-20.516909307190055,4.2875647733801605,-0.980833026119165,0.1948501343954409
-21.058536635639552,3.844123867422378,-0.980833026119165,0.1948501343954409
-21.61741322473476,3.546844611097766,-0.9781029015873978,0.2081218727244046
-22.161749961422338,3.111669738809264,-0.9769343439896992,0.2135398968188757
-22.64689291329743,2.953348553788202,-0.9954977424925392,0.0947852556691086
-22.770693335152203,3.1849330522361115,0.9922111072389628,0.1245677272475973
-23.080800774873467,3.157905477568704,0.9750833844561618,0.2218386651544697
-23.472959282861442,3.3702163981939797,0.9245892860346654,0.3809654211997562
-23.83513971538724,3.5253119791296563,0.780616319875592,0.625010528826425
-23.408973287727303,4.036102858417046,0.6848320816653415,0.7287009125299042
-22.85673425037615,4.466256372439041,0.6848320816653415,0.7287009125299042
-22.468958375454065,4.79678834502268,0.7507976365010938,0.6605322921889372
-23.105962782420285,4.506572243633363,0.7507976365010938,0.6605322921889372
-23.742967189386505,4.216356142244045,0.7507976365010938,0.6605322921889372
-24.35633830485995,4.061487700632228,0.7679464042931202,0.6405141061157572
-24.257881931078103,4.447155830564193,0.7938560382124145,0.6081057396486976
-24.648166290113046,4.289229136921088,0.8471163215762207,0.5314075062691277
-25.167866391427108,3.8202815868750792,0.8471163215762207,0.5314075062691277
-25.136213234552955,4.0985296401296285,0.8055786883604964,0.5924887989315766
-24.841396432611308,4.733417861230713,0.8055786883604964,0.5924887989315766
-24.66201402826834,5.392100206883809,0.7401213962790627,0.6724732848001701
-24.930602226223424,5.453061870177221,0.7847281581696824,0.6198400743543594
-25.445956908137543,5.055093354305725,0.7847040113911808,0.619870643365686
-25.40716562685269,5.6933096314157625,0.6925060719651609,0.7214120461230069
-25.12193945491248,6.056042524206331,0.6959718071425978,0.7180691078598679
-25.538318469430305,6.074221382325875,0.4519936333412044,0.8920211631004148
-25.12806930584156,6.483599393307973,0.344315407819002,0.9388540354807208
-25.489663990104432,6.214687825156741,0.1685536001782368,0.985692489505198
-25.0486215629908,6.757397577528204,0.1431938684231853,0.9896946579859888
-24.64259492147221,6.715257056723473,0.0478766810134327,0.998853254194598
-24.07646730678087,6.7209408522099485,-0.0393394197531307,0.9992259054155308
-23.81556844144332,6.543698804686141,-0.0403939220943292,0.9991838324641954
-23.480185117277145,6.661305909486469,-0.0927043538817857,0.9956936791862048
-22.79072866840977,6.779639818681758,-0.0987687037326952,0.995110417573328
-22.54872300525745,6.54294498619879,-0.0897618598068357,0.9959632566134244
-22.33662956925963,6.514671623167387,-0.0403000278978001,0.9991876238982528
-21.698244630301453,6.419911757697453,-0.0532037304988741,0.9985836785472728
-21.056992104779233,6.535706046115226,-0.0607945220983023,0.9981503023507228
-20.390727714614346,6.668487224546319,-0.1205652810749509,0.9927054009117298
-20.212960073452923,6.590699129168904,-0.0879821964143997,0.9961220472984712
-19.90760075691609,6.285201896083069,-0.1544524543170555,0.9880002223458444
-19.25090824382253,6.527596085879081,-0.1544524543170555,0.9880002223458444
-19.10147007870432,6.5281386466868545,-0.1165208283628903,0.9931882482981894
-18.88347117318107,6.1964926005138175,-0.5900211563223478,0.8073877848295945
-18.260285435204434,5.877683039831403,-0.5900211563223478,0.8073877848295945
-17.637099697227796,5.558873479148989,-0.5900211563223478,0.8073877848295945
-17.01391395925116,5.240063918466575,-0.5900211563223478,0.8073877848295945
-16.39072822127452,4.921254357784162,-0.5900211563223478,0.8073877848295945
-15.767542483297884,4.602444797101748,-0.5900211563223478,0.8073877848295945
-15.144356745321247,4.283635236419334,-0.5900211563223478,0.8073877848295945
-14.52117100734461,3.9648256757369205,-0.5900211563223478,0.8073877848295945
-13.897985269367972,3.6460161150545067,-0.5900211563223478,0.8073877848295945
-13.274799531391334,3.327206554372093,-0.5900211563223478,0.8073877848295945
-12.651613793414697,3.0083969936896793,-0.5900211563223478,0.8073877848295945
-12.02842805543806,2.6895874330072655,-0.5900211563223478,0.8073877848295945
-11.893713005847928,2.6227881495108023,-0.1341576203366206,0.9909600057043751
-12.51469642076519,2.9458664657093587,-0.1341576203366206,0.9909600057043751
-13.135679835682453,3.268944781907915,-0.1341576203366206,0.9909600057043751
-13.756663250599715,3.5920230981064716,-0.1341576203366206,0.9909600057043751
-14.377646665516977,3.9151014143050276,-0.1341576203366206,0.9909600057043751
-14.99863008043424,4.2381797305035835,-0.1341576203366206,0.9909600057043751
-15.619613495351501,4.5612580467021395,-0.1341576203366206,0.9909600057043751
-16.240596910268764,4.8843363629006955,-0.1341576203366206,0.9909600057043751
-16.861580325186026,5.2074146790992515,-0.1341576203366206,0.9909600057043751
-17.482563740103288,5.5304929952978075,-0.1341576203366206,0.9909600057043751
-18.10354715502055,5.8535713114963634,-0.1341576203366206,0.9909600057043751
-18.724530569937812,6.1766496276949185,-0.1341576203366206,0.9909600057043751
-18.54276419495544,6.2623387404446085,-0.1071292065405824,0.9942451071571764
-17.97003851299409,6.0522339011623085,-0.3297992518185085,0.9440510862765596
-18.18373379788548,6.188041643441131,-0.6993246848686676,0.7148041585870488
-17.52516688920897,5.950787293014712,-0.6993246848686676,0.7148041585870488
-17.85676150196187,5.7980487877200435,-0.7325468525666134,0.6807166141609504
-18.175318575321274,5.321670341076921,-0.8111542997363211,0.5848321998823923
-17.956197671069987,4.6630406746824,-0.8961660707278444,0.4437188002284962
-18.315888823311596,4.805886424310385,-0.8653636214857263,0.5011444927454641
-18.001157429514258,4.5990878033194384,0.9998508319840478,0.0172717625275315
-17.422067705496374,4.205825687756686,0.9998508319840478,0.0172717625275315
-16.84297798147849,3.812563572193934,0.9998508319840478,0.0172717625275315
-16.263888257460607,3.4193014566311817,0.9998508319840478,0.0172717625275315
-15.684798533442724,3.0260393410684294,0.9998508319840478,0.0172717625275315
-15.10570880942484,2.632777225505677,0.9998508319840478,0.0172717625275315
-14.526619085406956,2.239515109942925,0.9998508319840478,0.0172717625275315
-13.947529361389073,1.8462529943801724,0.9998508319840478,0.0172717625275315
-13.36843963737119,1.45299087881742,0.9998508319840478,0.0172717625275315
-12.879375247659429,1.1176385337548496,-0.8572245004275194,0.514942866604432
-13.477352954612961,1.4815377807815442,-0.8572245004275194,0.514942866604432
-14.075330661566493,1.8454370278082388,-0.8572245004275194,0.514942866604432
-14.673308368520026,2.2093362748349334,-0.8572245004275194,0.514942866604432
-15.271286075473558,2.573235521861628,-0.8572245004275194,0.514942866604432
-15.86926378242709,2.9371347688883227,-0.8572245004275194,0.514942866604432
-16.467241489380623,3.3010340159150173,-0.8572245004275194,0.514942866604432
-17.065219196334155,3.6649332629417115,-0.8572245004275194,0.514942866604432
-17.663196903287687,4.028832509968406,-0.8572245004275194,0.514942866604432
-18.26117461024122,4.3927317569951,-0.8572245004275194,0.514942866604432
-18.87970956625521,4.667643695588714,-0.8596874969141435,0.5108203281482586
-19.013904016301897,4.5814861785426135,-0.8264367306021022,0.5630295998539583
-18.628468972635023,5.165814705241006,-0.8264367306021022,0.5630295998539583
-18.28855980258716,5.661441197577887,-0.8668194267316103,0.4986221830611656
-18.538598327816555,5.007621087837364,-0.8668194267316103,0.4986221830611656
-18.788636853045947,4.353800978096841,-0.8668194267316103,0.4986221830611656
-19.25993949914747,3.8820462914685216,-0.8558419345685246,0.5172374532398105
-19.082215669222354,3.697063987682309,-0.8562051960584172,0.5166359087815784
-19.395770327677678,3.287470216385443,-0.8666779255843485,0.4988680920892921
