field.pose.pose.position.x,field.pose.pose.position.y,field.pose.pose.orientation.z,field.pose.pose.orientation.w
15.857757022293518,-9.52027903046124,-0.0031211091914696,0.9999951293268458
16.799728648129694,-9.939011739660916,-0.0036793499344507,0.9999932311691214
17.86759339889595,-9.940015719880687,-0.0295340795350749,0.9995637739264144
18.932557648782808,-9.970998411792753,0.0191648038953623,0.9998163382800124
20.223933225556348,-9.960644867387028,0.0057922952987178,0.9999832245168778
21.31318864601162,-9.961868448430396,0.0005499898401914,0.9999998487555763
22.392122010537623,-9.957808139100871,0.002039139536647,0.9999979209528138
23.42866887957405,-9.94610485227514,0.0053678918957571,0.9999855927645136
24.514234770410155,-9.93133884466063,0.0056545446112197,0.9999840129348267
25.661774208343644,-9.907824593223562,0.007964921055527,0.999968279513195
26.79485525844812,-9.884458944608305,0.0097418424137125,0.9999525471273056
27.82372586971065,-9.869158126190706,0.0097252880452503,0.9999527082679645
29.04134211305799,-9.85371373123368,-0.0451078864733353,0.99898212125038
30.163716097182945,-9.910960189167168,-0.0283303325507426,0.9995986155740536
31.253568019194766,-9.9000068389035,0.0243681208402543,0.9997030532546726
32.2586508036559,-9.871370753232974,-0.0146774783725599,0.9998922800125136
33.3051758726782,-9.86013663406596,-0.0033612671855533,0.9999943509254976
34.40001436221771,-9.84529199168402,0.0024363937011301,0.999997031988462
35.562054138165465,-9.82462343603809,0.0036353162843101,0.9999933922159252
36.74818254902991,-9.8010364851994,0.1132630312846946,0.9935650385073956
37.6969071929224,-9.379217329494365,0.4208687094927845,0.90712156261985
38.19091398713695,-8.51743157747975,0.6536457905694529,0.7568006213467553
38.38589468069045,-7.390765564666202,0.727215327446261,0.6864094022718711
38.380118118302605,-6.356525541062856,0.7214122141546675,0.6925058969196293
38.39036521564344,-5.235747967629212,0.7401205265560538,0.6724742420125768
38.31861947915673,-4.198033736936252,0.7124938436494421,0.7016783613320595
38.286064270358025,-3.0771895336167696,0.7164828864015974,0.6976046684861246
38.19919553263952,-1.930355455069561,0.7203668474322755,0.6935932562536091
38.12677730920061,-0.8816332997025766,0.7279233761553107,0.6856584852874309
37.820713323746304,0.071406617663253,0.92269240013578,0.3855369434070797
37.02554343947308,0.7418177509875238,0.990170755483543,0.139863772954792
35.96415065763541,1.0018553673879196,-0.9999104550966113,0.0133821443904855
34.95795563548289,1.0411002172593724,0.9999878197911748,0.0049356123523438
33.80137635715823,1.0126205220406996,-0.9994768153563034,0.0323434006440527
32.689976535683094,0.8824683547600197,-0.9858788748322448,0.1674599777842663
31.69347553666642,0.4187863469195589,-0.925457262817986,0.3788520221635899
31.12695036479031,-0.4492460717805553,-0.6416833423432955,0.7669696787742897
31.036865305484937,-1.473402741547111,-0.6457253682900111,0.7635697405913421
31.170599484009365,-2.6343732012143355,-0.7042692233820382,0.7099329975405149
30.622298266542305,-3.644372633607656,-0.969448116209398,0.2452964532520795
29.625650622886653,-3.910411037381015,0.9994105549149344,0.0343299100584737
28.60155432791516,-3.9873514443424463,-0.9998550938893334,0.0170232553747016
27.390117054826952,-4.035207603133364,-0.9998051157224304,0.0197415950535257
26.331430650891598,-4.148838846792343,-0.9757909405378916,0.2187053734231898
25.40316275075227,-4.895079755314532,-0.8905224581899983,0.4549392832667263
25.00425117153084,-5.9476282438878645,-0.6981414273788817,0.7159598783293499
24.8961046269915,-6.957215183015467,-0.6822534067783462,0.7311157835386544
24.92181129711606,-7.984079867361563,-0.7375726796255789,0.6752677559827235
24.302796983185157,-8.788374554473057,-0.9984382693043512,0.0558661112708928
23.124970613422228,-8.894543692537145,0.9977440738362447,0.0671324297538393
22.11503948174285,-8.892278067922748,0.9998181303803348,0.0190710818458674
21.09093221056507,-8.876708159472551,0.9999019002035566,0.0140067829752804
20.17021706106544,-8.448429553867118,0.8289148859181285,0.5593747508632617
19.999644634339347,-7.211600586652041,0.6651247113190527,0.7467322936586758
19.889743632013555,-6.129963884721812,0.677770063516542,0.7352739224267256
19.9419561575128,-5.0346785083381205,0.6847596389889795,0.7287689872735272
19.97796711007277,-3.913854216458173,0.754272300401973,0.6565617235617042
19.8958519612361,-2.649765855145431,0.6924380814411398,0.721477306205894
19.90825670925011,-1.5251773212030686,0.7044798501407926,0.7097239891292997
20.362832301163447,-0.4591010336623118,0.3457279587921392,0.9383347902051916
21.40081272843885,-0.2320950999002306,-0.0404433314953803,0.999181833770788
22.60418074241322,-0.2094782567834339,-0.0039528503659372,0.9999921874564744
23.65998072699115,-0.1503787118745402,0.0363166632000126,0.9993403324063412
